firstname,lastname,emailaddress1,birthdate
Theresa,Charkham,tcharkham0@youku.com,1981-05-07T08:54:41Z
Dodie,Spillard,dspillard1@tiny.cc,1994-03-28T02:48:59Z
Carl,Kleinholz,ckleinholz2@google.ca,1984-01-09T09:37:26Z
Andonis,Rakes,arakes3@reddit.com,1972-11-06T19:43:31Z
Avis,Abramowitch,aabramowitch4@amazonaws.com,1963-05-30T04:42:09Z
Pippo,Shovel,pshovel5@cam.ac.uk,1979-08-24T03:58:01Z
Igor,Hannaway,ihannaway6@nymag.com,1994-03-19T02:30:34Z
Sybila,Whiteside,swhiteside7@bloglines.com,1954-03-28T21:38:27Z
Emilio,Huton,ehuton8@miibeian.gov.cn,1963-08-02T18:22:52Z
Creigh,Lyndon,clyndon9@twitpic.com,1973-04-29T21:00:24Z
Alessandro,Kolak,akolaka@oakley.com,1980-02-21T14:31:38Z
Melisandra,Loreit,mloreitb@studiopress.com,1957-03-20T20:37:59Z
Joey,Grinikhinov,jgrinikhinovc@guardian.co.uk,1963-11-15T19:39:48Z
Renell,Satteford,rsattefordd@mayoclinic.com,1992-02-06T17:41:54Z
Jasmine,Antonov,jantonove@washington.edu,1966-02-21T13:15:27Z
Chrystel,Code,ccodef@sfgate.com,1978-12-10T06:16:00Z
Yardley,Pryce,ypryceg@hugedomains.com,1998-01-09T06:12:12Z
Halsy,Ridgewell,hridgewellh@prnewswire.com,1964-11-24T20:05:23Z
Verla,Barmby,vbarmbyi@unc.edu,1971-07-09T23:49:47Z
Philip,Lefeuvre,plefeuvrej@adobe.com,1961-08-14T04:54:40Z
Maisie,Dank,mdankk@flavors.me,1990-10-16T06:44:22Z
Jennette,Elgy,jelgyl@spotify.com,1988-01-27T09:01:31Z
Cly,Attwell,cattwellm@howstuffworks.com,1962-06-01T12:48:58Z
Johannes,Ruck,jruckn@usda.gov,2003-05-23T18:07:59Z
Terrence,Leachman,tleachmano@marketwatch.com,1945-01-01T22:11:02Z
Gayla,Threadgold,gthreadgoldp@sbwire.com,1990-01-31T04:46:11Z
Johnette,Davidson,jdavidsonq@narod.ru,1981-04-07T20:02:23Z
Bathsheba,Jurs,bjursr@tamu.edu,1947-09-12T09:08:59Z
Dorree,Yanyshev,dyanyshevs@accuweather.com,1954-10-13T20:00:17Z
Ivonne,Going,igoingt@cnet.com,1999-04-10T20:49:13Z
Uriah,Diter,uditeru@usa.gov,1999-12-10T11:44:49Z
Nessi,Chin,nchinv@so-net.ne.jp,1956-04-12T23:28:55Z
Ange,Mottini,amottiniw@netscape.com,1990-02-17T11:30:47Z
Keary,Simone,ksimonex@godaddy.com,1970-02-24T11:27:06Z
Rosmunda,Acklands,racklandsy@epa.gov,1960-05-27T12:17:10Z
Mischa,Standing,mstandingz@gravatar.com,1972-09-07T11:53:14Z
Jephthah,Clixby,jclixby10@opensource.org,1966-10-03T00:55:10Z
Penelope,Amberg,pamberg11@mail.ru,1995-04-27T02:36:36Z
Philippa,Tolussi,ptolussi12@businessweek.com,1994-01-03T06:00:27Z
Bartholemy,Kollas,bkollas13@weibo.com,1996-08-10T17:27:32Z
Tuck,Ledward,tledward14@smh.com.au,1953-04-04T20:22:05Z
Ailina,Brisland,abrisland15@marriott.com,1956-02-23T09:28:08Z
Munroe,Glennie,mglennie16@flavors.me,1962-06-30T17:30:47Z
Dorey,Helder,dhelder17@lycos.com,1977-07-22T10:26:36Z
Sybilla,Wallenger,swallenger18@surveymonkey.com,1965-10-19T20:58:01Z
Penrod,Geikie,pgeikie19@thetimes.co.uk,1951-07-06T14:00:13Z
Llywellyn,Schimann,lschimann1a@exblog.jp,1958-05-30T23:02:20Z
Angelique,Ebbles,aebbles1b@washington.edu,1947-10-25T13:14:13Z
Issi,Passion,ipassion1c@github.io,1949-02-02T11:08:48Z
Bax,Renne,brenne1d@netvibes.com,1963-04-24T03:35:48Z
Boonie,Mackriell,bmackriell1e@weebly.com,1998-03-31T05:45:30Z
Joyann,Annes,jannes1f@infoseek.co.jp,2001-08-15T09:44:02Z
Noak,Adam,nadam1g@nytimes.com,1960-06-19T22:19:27Z
Fairlie,Garn,fgarn1h@rakuten.co.jp,1968-11-01T00:16:57Z
Hugo,Titterington,htitterington1i@squarespace.com,1985-03-13T23:42:05Z
Zebulon,Josefsson,zjosefsson1j@jimdo.com,1981-04-11T10:27:31Z
Irita,Shoreman,ishoreman1k@engadget.com,1983-08-19T12:22:58Z
Aurora,Ayscough,aayscough1l@epa.gov,1999-09-13T10:23:48Z
Perkin,Kobiera,pkobiera1m@newsvine.com,1992-04-28T22:55:54Z
Bonita,Broscombe,bbroscombe1n@istockphoto.com,1970-07-14T03:54:22Z
Prinz,Murrhardt,pmurrhardt1o@nasa.gov,1988-06-29T14:44:50Z
Francyne,Sanford,fsanford1p@myspace.com,1979-02-06T19:37:49Z
Rafa,Ventura,rventura1q@biglobe.ne.jp,1975-11-14T05:52:59Z
Niall,Gerleit,ngerleit1r@4shared.com,1994-02-13T14:25:12Z
Claresta,Wray,cwray1s@mapy.cz,1952-04-22T20:11:00Z
Woodrow,Georgiev,wgeorgiev1t@shareasale.com,1945-04-24T19:23:12Z
Barbabas,Mundee,bmundee1u@rediff.com,1965-06-05T19:06:02Z
Carita,Caulfield,ccaulfield1v@bbb.org,1995-06-05T22:52:02Z
Shandy,Prandi,sprandi1w@de.vu,2000-11-25T08:46:54Z
Rachele,Stait,rstait1x@hao123.com,1953-03-15T08:02:55Z
Abbie,Paris,aparis1y@barnesandnoble.com,1992-07-21T15:58:18Z
Pincas,Davidde,pdavidde1z@shinystat.com,1961-09-01T13:34:12Z
Rufus,Waldera,rwaldera20@amazon.com,1956-05-01T12:30:22Z
Robby,Yea,ryea21@aol.com,1973-07-03T02:52:43Z
Paxon,Osman,posman22@slideshare.net,1955-03-13T21:32:34Z
Danit,MacGregor,dmacgregor23@flickr.com,1953-09-17T15:37:18Z
Matthieu,Fawthorpe,mfawthorpe24@netlog.com,1966-11-15T08:54:58Z
Myrilla,McDugal,mmcdugal25@irs.gov,1979-01-30T00:15:00Z
Garwin,Stack,gstack26@edublogs.org,1949-02-26T11:13:34Z
Rafaellle,Mote,rmote27@pcworld.com,1971-02-27T08:46:39Z
Cassaundra,Espine,cespine28@dot.gov,1966-04-26T03:52:31Z
Alexine,Backs,abacks29@usgs.gov,1950-06-16T06:49:24Z
Berri,Kearle,bkearle2a@hud.gov,2002-05-29T08:35:49Z
Krystyna,Synnot,ksynnot2b@sciencedirect.com,1990-04-12T18:20:42Z
Meredith,Fedder,mfedder2c@wikia.com,1995-05-15T00:07:18Z
Noble,Shanley,nshanley2d@jimdo.com,1971-12-17T18:13:50Z
Seward,Statham,sstatham2e@godaddy.com,1992-07-24T05:41:01Z
Rosella,Adamolli,radamolli2f@ebay.co.uk,1995-12-05T17:00:13Z
Kermit,Roj,kroj2g@t.co,1973-04-02T09:16:30Z
Margarita,Canavan,mcanavan2h@soundcloud.com,1977-03-10T04:57:45Z
Jerome,Casol,jcasol2i@alexa.com,1998-10-20T23:26:24Z
Horatia,Bradder,hbradder2j@jimdo.com,1954-08-14T00:26:00Z
Gustie,McCurrie,gmccurrie2k@cnn.com,1964-08-13T19:43:01Z
Caterina,Giacobbo,cgiacobbo2l@tripadvisor.com,1959-09-07T00:05:57Z
Kevan,Hess,khess2m@example.com,1998-11-09T20:06:37Z
Taffy,Isaak,tisaak2n@csmonitor.com,1949-08-23T08:32:38Z
Verney,Jeppensen,vjeppensen2o@timesonline.co.uk,1994-12-12T20:43:54Z
Nat,Sewall,nsewall2p@exblog.jp,1981-01-27T05:44:14Z
Claudina,Coady,ccoady2q@ucoz.com,1954-07-19T22:11:26Z
Niel,Biggin,nbiggin2r@bizjournals.com,1947-12-24T21:00:05Z
Mic,Kid,mkid2s@adobe.com,1957-01-31T18:58:54Z
Bobbee,Bramble,bbramble2t@alexa.com,1986-05-14T16:16:43Z
Tobie,Clemont,tclemont2u@pcworld.com,2002-12-24T11:41:27Z
Albina,Percival,apercival2v@independent.co.uk,1978-08-30T02:01:43Z
Had,Millions,hmillions2w@howstuffworks.com,1965-04-06T00:54:06Z
Archibaldo,Stores,astores2x@whitehouse.gov,1963-03-10T02:14:29Z
Seth,Lintill,slintill2y@list-manage.com,1965-01-27T03:16:22Z
Wyatt,Kidwell,wkidwell2z@google.es,2003-07-21T02:38:34Z
Elias,Danilyak,edanilyak30@ucoz.com,1968-01-27T22:14:46Z
Lissi,Ranyell,lranyell31@telegraph.co.uk,1957-05-04T20:35:20Z
Eben,Doodney,edoodney32@bing.com,1987-08-14T13:40:53Z
Barb,Marsland,bmarsland33@digg.com,1997-05-12T10:56:29Z
Noah,Hasnney,nhasnney34@biblegateway.com,1953-08-15T16:11:45Z
Abramo,Egan,aegan35@smugmug.com,1962-10-27T17:25:19Z
Jereme,Droghan,jdroghan36@geocities.com,1988-12-12T07:21:00Z
Adella,Baszkiewicz,abaszkiewicz37@sakura.ne.jp,1969-10-29T16:42:14Z
Blake,Arundel,barundel38@goo.ne.jp,1965-12-02T16:05:41Z
Tisha,Riccard,triccard39@google.com,1998-07-29T00:28:50Z
Alford,Dreng,adreng3a@biblegateway.com,1992-07-02T01:48:44Z
Cally,Upsale,cupsale3b@dot.gov,1968-07-02T18:19:54Z
Neal,Chillcot,nchillcot3c@amazonaws.com,1964-07-04T00:31:27Z
Geralda,Grindle,ggrindle3d@phoca.cz,1953-03-19T00:22:10Z
Miner,Maunsell,mmaunsell3e@php.net,1950-08-06T04:15:14Z
Rupert,Pardew,rpardew3f@independent.co.uk,1984-02-23T04:43:03Z
Vance,Bruinemann,vbruinemann3g@twitpic.com,1957-03-07T13:29:42Z
Adelind,Feitosa,afeitosa3h@zimbio.com,1959-09-26T12:56:58Z
Jeane,Mayling,jmayling3i@biblegateway.com,1964-10-09T23:51:58Z
Thorin,Zanelli,tzanelli3j@ocn.ne.jp,1952-08-30T09:07:01Z
Lisa,Glas,lglas3k@imdb.com,1960-10-27T13:55:51Z
Katti,Willingale,kwillingale3l@omniture.com,1945-11-06T14:20:43Z
Royce,McVicar,rmcvicar3m@themeforest.net,1978-02-19T03:02:43Z
Haydon,Antoniou,hantoniou3n@smugmug.com,1979-07-24T01:04:41Z
Hanny,Venmore,hvenmore3o@utexas.edu,2001-04-04T22:49:23Z
Christophorus,Clegg,cclegg3p@ed.gov,1979-07-31T04:30:22Z
Buckie,Bitterton,bbitterton3q@macromedia.com,1982-10-22T06:16:52Z
Charisse,Shelliday,cshelliday3r@canalblog.com,1959-11-05T20:01:15Z
Marlow,Brody,mbrody3s@wsj.com,1989-05-02T05:12:19Z
Chrissie,Woolvett,cwoolvett3t@google.fr,1959-03-31T10:30:34Z
Tally,Etheridge,tetheridge3u@hibu.com,1964-01-15T18:39:09Z
Jenine,Barajas,jbarajas3v@fema.gov,2002-09-07T20:55:31Z
Buck,Coe,bcoe3w@yolasite.com,1964-06-26T21:42:41Z
Beaufort,Jimmison,bjimmison3x@nifty.com,1994-07-11T17:06:30Z
Francklyn,Randlesome,frandlesome3y@ted.com,1947-05-09T01:06:55Z
Lenette,Brizland,lbrizland3z@slashdot.org,1981-05-11T13:32:14Z
Freeman,Margetts,fmargetts40@paypal.com,1975-08-21T05:07:18Z
Myrwyn,Moland,mmoland41@phoca.cz,1980-09-08T13:09:28Z
Orton,Binning,obinning42@oaic.gov.au,1968-09-07T12:17:45Z
Ivan,Booi,ibooi43@webeden.co.uk,2000-06-03T23:14:29Z
Ugo,Feaveryear,ufeaveryear44@1688.com,1958-10-05T12:24:12Z
Yoko,Foggarty,yfoggarty45@home.pl,1989-11-05T03:34:13Z
Hyman,Myhan,hmyhan46@wikispaces.com,1967-12-11T09:34:40Z
Andrea,Frigot,afrigot47@imageshack.us,1962-09-11T10:50:26Z
Cleopatra,Hakeworth,chakeworth48@edublogs.org,1988-04-27T07:21:41Z
Jonathon,Dockwra,jdockwra49@seesaa.net,1998-06-06T17:23:34Z
Katheryn,Bradder,kbradder4a@oaic.gov.au,1984-04-12T22:12:41Z
Oralla,McGeever,omcgeever4b@free.fr,1967-02-05T05:27:39Z
Sabrina,Fearnall,sfearnall4c@cnn.com,1983-05-08T16:18:12Z
Adolpho,Ranner,aranner4d@tumblr.com,1975-08-10T17:34:22Z
Cornie,Bresnahan,cbresnahan4e@google.com.au,1977-04-10T13:01:38Z
Brigitte,Jollands,bjollands4f@devhub.com,1978-08-05T10:56:11Z
Georgiana,Moggle,gmoggle4g@ucoz.com,1965-05-09T11:37:38Z
Rubie,Newburn,rnewburn4h@youku.com,1949-03-04T05:56:51Z
Gillan,Tuttiett,gtuttiett4i@comsenz.com,1969-03-22T22:00:57Z
Miner,Kobieriecki,mkobieriecki4j@timesonline.co.uk,1998-12-29T23:20:43Z
Irita,Ovenden,iovenden4k@networksolutions.com,1994-03-28T02:37:26Z
Bay,Witchell,bwitchell4l@slate.com,1957-07-29T10:36:17Z
Lek,Fandrich,lfandrich4m@walmart.com,1964-10-21T17:53:34Z
Blinnie,Balog,bbalog4n@blogs.com,1990-09-21T21:56:13Z
Kiele,Buard,kbuard4o@acquirethisname.com,1961-07-10T05:14:15Z
Nerty,Gallichiccio,ngallichiccio4p@ifeng.com,1955-01-15T02:34:36Z
Mateo,Gowlett,mgowlett4q@woothemes.com,1967-09-19T19:08:46Z
Hastings,Jeffs,hjeffs4r@jiathis.com,1967-10-01T23:45:03Z
Blisse,Sodo,bsodo4s@hugedomains.com,1995-07-14T06:12:20Z
Blayne,Von Der Empten,bvonderempten4t@wsj.com,1989-03-16T01:22:06Z
Ailene,Howitt,ahowitt4u@github.com,1977-06-15T19:03:22Z
Buckie,Ballin,bballin4v@aol.com,1945-07-24T15:37:31Z
Ethelbert,Alcoran,ealcoran4w@toplist.cz,1951-06-26T16:41:08Z
Jill,Grishin,jgrishin4x@comsenz.com,1948-06-08T19:13:55Z
Wynn,Caplis,wcaplis4y@statcounter.com,1956-12-19T04:08:05Z
Kendre,Goman,kgoman4z@technorati.com,1952-06-27T06:37:54Z
Jabez,Uren,juren50@free.fr,1977-04-21T07:53:13Z
Alli,Allbones,aallbones51@webs.com,1975-05-01T13:13:27Z
Ailbert,Haimes,ahaimes52@netlog.com,1971-01-18T18:04:19Z
Janot,Stanners,jstanners53@apache.org,2003-09-27T19:49:56Z
Griffin,De Laspee,gdelaspee54@1688.com,1982-07-04T22:47:23Z
Vickie,Lickorish,vlickorish55@163.com,1974-11-14T15:26:06Z
Rhys,Goulbourne,rgoulbourne56@trellian.com,1947-01-15T13:59:36Z
Moise,Ivakhin,mivakhin57@noaa.gov,1945-12-22T20:15:34Z
Verine,Scryne,vscryne58@yellowbook.com,1991-03-31T03:57:56Z
Ernst,Altoft,ealtoft59@vkontakte.ru,1987-08-24T01:18:58Z
Clem,Ennion,cennion5a@google.pl,1960-08-10T05:27:25Z
Nelie,Verma,nverma5b@ebay.co.uk,1949-12-30T15:19:01Z
Heddie,Winsiowiecki,hwinsiowiecki5c@ca.gov,1952-11-05T18:56:40Z
Sherman,Phare,sphare5d@ning.com,1966-11-12T10:35:58Z
Adan,Hart,ahart5e@typepad.com,1952-03-05T01:08:15Z
Mayne,Bernardeau,mbernardeau5f@weather.com,2001-01-04T18:35:27Z
Bridget,Padmore,bpadmore5g@ed.gov,1952-09-16T10:12:57Z
Verge,Harken,vharken5h@tiny.cc,1994-12-07T04:26:52Z
Lin,Flanne,lflanne5i@sitemeter.com,1949-12-13T22:34:37Z
Lurlene,Alenshev,lalenshev5j@discovery.com,1945-03-23T05:03:59Z
Lee,Britney,lbritney5k@craigslist.org,1983-07-27T03:34:05Z
Carlyn,Strangman,cstrangman5l@pinterest.com,1992-10-19T20:24:53Z
Minni,Shoubridge,mshoubridge5m@time.com,1947-05-21T21:54:19Z
Flo,Shrieve,fshrieve5n@is.gd,1961-11-10T10:27:35Z
Vladimir,Matschoss,vmatschoss5o@cnet.com,1976-09-20T00:19:35Z
Philippe,Sidaway,psidaway5p@newsvine.com,1985-11-20T04:54:08Z
Geordie,Stanborough,gstanborough5q@bloomberg.com,1953-09-28T02:23:34Z
Consuelo,Carik,ccarik5r@rambler.ru,1968-03-03T05:46:07Z
Gearard,Leavy,gleavy5s@cnbc.com,1961-01-16T12:28:59Z
Neila,Choppin,nchoppin5t@goo.ne.jp,1986-05-20T10:18:22Z
Ringo,Walne,rwalne5u@umn.edu,1964-08-03T11:04:44Z
Berni,Bourton,bbourton5v@dedecms.com,1994-10-30T19:11:04Z
Dunn,Figger,dfigger5w@ask.com,1966-05-30T14:59:36Z
Julie,Whitehorn,jwhitehorn5x@cpanel.net,1995-11-05T18:48:03Z
Mabel,Ajsik,majsik5y@usatoday.com,1984-01-05T04:18:17Z
Dinny,Matevushev,dmatevushev5z@msu.edu,1995-11-07T23:27:14Z
Sianna,Burne,sburne60@ftc.gov,1962-10-13T02:48:10Z
Lucky,Tidman,ltidman61@about.com,1952-05-14T04:39:28Z
Davina,Dewhurst,ddewhurst62@hp.com,1945-01-13T23:11:28Z
Leon,Negro,lnegro63@boston.com,1956-04-06T15:35:07Z
Rennie,Sampey,rsampey64@weebly.com,2001-11-06T00:58:37Z
Carilyn,BoHlingolsen,cbohlingolsen65@scribd.com,1961-08-07T03:13:32Z
Iona,McKearnen,imckearnen66@ft.com,1989-05-28T08:18:57Z
Mignon,Giral,mgiral67@icio.us,1997-08-03T19:56:06Z
Nichol,Dubose,ndubose68@techcrunch.com,1962-09-21T08:23:46Z
Shanan,Dix,sdix69@furl.net,1963-06-26T11:35:31Z
Salim,Yelding,syelding6a@imgur.com,1980-09-04T14:17:35Z
Emalee,Carwithen,ecarwithen6b@sina.com.cn,2001-01-28T19:39:12Z
Kali,Yellowlea,kyellowlea6c@canalblog.com,1984-12-09T08:20:10Z
Linoel,Corrie,lcorrie6d@tmall.com,1947-02-11T15:35:26Z
Kearney,Cail,kcail6e@360.cn,1958-05-22T16:24:54Z
Randolph,Salman,rsalman6f@usatoday.com,1957-05-05T09:14:04Z
Giulio,Huguenet,ghuguenet6g@nsw.gov.au,1954-12-06T09:05:00Z
Llywellyn,Traill,ltraill6h@senate.gov,1974-03-20T19:03:16Z
Meris,McClarence,mmcclarence6i@yahoo.co.jp,1959-04-01T04:33:40Z
Katharina,MacNeilage,kmacneilage6j@dagondesign.com,1948-06-09T03:17:39Z
Agnesse,Esselen,aesselen6k@blogtalkradio.com,2000-10-07T20:48:48Z
Lauryn,Peabody,lpeabody6l@aol.com,1946-09-10T20:27:04Z
Matilda,Barnewall,mbarnewall6m@salon.com,1977-05-26T11:17:49Z
Bill,Paolazzi,bpaolazzi6n@narod.ru,1992-04-01T18:16:01Z
Else,Dalgleish,edalgleish6o@networksolutions.com,1985-07-09T15:29:04Z
Kendal,Bennitt,kbennitt6p@earthlink.net,1999-11-07T13:56:34Z
Carlye,Mulbry,cmulbry6q@edublogs.org,2002-11-26T08:00:57Z
Hannis,Matchett,hmatchett6r@cnbc.com,1964-01-11T22:05:29Z
Dianne,Maccaddie,dmaccaddie6s@ft.com,1987-05-25T16:29:23Z
Rosaline,Firman,rfirman6t@people.com.cn,1976-02-21T15:09:13Z
Feodora,Westoff,fwestoff6u@livejournal.com,1948-07-25T17:39:21Z
Hillyer,Dandison,hdandison6v@phpbb.com,2002-11-07T01:50:43Z
Petronia,Duplock,pduplock6w@harvard.edu,1948-12-26T22:25:11Z
Traci,Lyster,tlyster6x@economist.com,1966-05-10T13:01:25Z
Dugald,Melmoth,dmelmoth6y@live.com,1945-01-04T01:28:06Z
Giraldo,Piercy,gpiercy6z@chicagotribune.com,1995-09-14T02:17:37Z
Omero,Breazeall,obreazeall70@java.com,1959-11-02T19:22:51Z
Fairfax,Portinari,fportinari71@fotki.com,1950-11-28T05:20:12Z
Freddi,Foxwell,ffoxwell72@yale.edu,1973-12-14T22:56:33Z
Michele,MacArte,mmacarte73@ask.com,1966-08-17T09:30:53Z
Trixy,Zecchi,tzecchi74@godaddy.com,1988-06-23T08:00:41Z
Hernando,Dundon,hdundon75@photobucket.com,1959-03-17T16:23:47Z
Dorolisa,Taynton,dtaynton76@unc.edu,1983-03-24T23:52:18Z
Berti,Savage,bsavage77@gov.uk,1951-11-20T07:39:21Z
Onfroi,Buchanan,obuchanan78@mtv.com,1981-04-24T00:19:45Z
Hall,O'Hannigan,hohannigan79@tuttocitta.it,2002-11-16T13:18:40Z
Basilio,MacVaugh,bmacvaugh7a@sakura.ne.jp,1949-07-27T18:06:40Z
Augustina,Coffee,acoffee7b@utexas.edu,1948-09-20T10:14:23Z
Ario,Giorgione,agiorgione7c@redcross.org,1947-01-11T13:19:39Z
Ilaire,Peattie,ipeattie7d@photobucket.com,1980-06-23T16:58:15Z
Ardine,Feldheim,afeldheim7e@sina.com.cn,1960-05-01T11:33:14Z
Truman,Marzele,tmarzele7f@time.com,1991-10-25T00:04:34Z
Paige,Harvie,pharvie7g@freewebs.com,1969-08-26T12:34:22Z
Jorrie,Reeday,jreeday7h@wikispaces.com,1960-07-16T10:21:18Z
Sonny,Nash,snash7i@webs.com,1980-08-16T09:42:52Z
Jesse,Hearnshaw,jhearnshaw7j@1und1.de,1959-02-23T23:02:11Z
Abe,Tute,atute7k@ihg.com,1978-01-06T06:26:50Z
Raphael,Crus,rcrus7l@businessweek.com,1959-01-15T05:30:05Z
Ritchie,Madine,rmadine7m@edublogs.org,1989-02-03T21:32:46Z
Glyn,Scolland,gscolland7n@bloglovin.com,1951-10-29T10:12:04Z
Kathleen,Zima,kzima7o@illinois.edu,1976-11-14T02:54:54Z
Witty,Tichelaar,wtichelaar7p@usda.gov,1951-02-23T10:08:13Z
Barby,Niesegen,bniesegen7q@auda.org.au,1961-03-03T12:30:58Z
Cullin,Sibbet,csibbet7r@ted.com,1955-08-27T13:40:08Z
Robbie,Newens,rnewens7s@livejournal.com,1958-06-03T04:42:47Z
Anatollo,Vigours,avigours7t@kickstarter.com,2003-11-07T02:05:15Z
Harlin,Tiuit,htiuit7u@clickbank.net,1957-03-21T11:53:40Z
Abagail,Wolters,awolters7v@apple.com,1967-10-08T14:49:02Z
Gay,Glendenning,gglendenning7w@bloglines.com,1973-01-02T01:03:32Z
Gay,Wixey,gwixey7x@youku.com,1946-05-09T22:07:35Z
Scot,Ible,sible7y@a8.net,1977-02-11T04:26:59Z
Joella,Harmon,jharmon7z@oaic.gov.au,1948-04-05T09:00:39Z
Lilli,Longstaffe,llongstaffe80@hhs.gov,1996-11-24T20:34:09Z
Gabie,Rolse,grolse81@zimbio.com,2001-08-14T09:59:09Z
Alie,Maynard,amaynard82@bluehost.com,1965-09-26T19:08:04Z
Reiko,Battlestone,rbattlestone83@stanford.edu,1953-11-28T13:35:17Z
Dale,Rickword,drickword84@answers.com,1969-10-16T06:19:32Z
Tobi,Fishby,tfishby85@gov.uk,1967-04-19T06:53:23Z
Philippe,Sandland,psandland86@ifeng.com,1973-12-09T16:16:07Z
Douglass,Barthram,dbarthram87@cyberchimps.com,1948-03-21T03:29:11Z
Rriocard,Dorot,rdorot88@ted.com,1981-10-29T01:04:29Z
Hana,Champkin,hchampkin89@w3.org,1989-02-04T02:49:33Z
Zelig,Witch,zwitch8a@nationalgeographic.com,2003-12-21T10:47:30Z
Giordano,Lumbley,glumbley8b@nifty.com,1994-11-20T12:55:12Z
Kailey,Jeff,kjeff8c@globo.com,1945-12-26T04:21:07Z
Cynthia,Riccardini,criccardini8d@edublogs.org,1988-12-10T23:41:04Z
Tanner,Friary,tfriary8e@biblegateway.com,1956-12-22T19:04:07Z
Raleigh,Vankeev,rvankeev8f@toplist.cz,1982-08-30T23:48:59Z
Meggie,Gosnay,mgosnay8g@ning.com,1977-09-29T06:20:14Z
Fidelio,Le Breton,flebreton8h@usatoday.com,1999-07-31T07:59:02Z
Lottie,Mitskevich,lmitskevich8i@unesco.org,1964-05-01T08:36:56Z
Andras,Cheek,acheek8j@yale.edu,1981-07-05T15:27:57Z
Oneida,Cockren,ocockren8k@fotki.com,1955-10-04T07:26:00Z
Darleen,Scrooby,dscrooby8l@vk.com,1994-05-21T13:39:53Z
Lucas,Cloake,lcloake8m@weebly.com,1966-09-21T05:55:50Z
Dasha,Winkless,dwinkless8n@webs.com,1984-09-12T15:38:16Z
Priscilla,Tollet,ptollet8o@list-manage.com,1986-05-14T15:19:51Z
Stefa,Venes,svenes8p@google.cn,1965-12-07T14:24:20Z
Reade,Amesbury,ramesbury8q@ox.ac.uk,1969-08-19T03:28:01Z
Crista,Grew,cgrew8r@nba.com,1964-09-16T03:50:35Z
Judye,Oliver-Paull,joliverpaull8s@noaa.gov,1981-05-30T12:21:47Z
Vernen,Boyan,vboyan8t@ning.com,1952-10-22T22:05:30Z
Chloris,Trusdale,ctrusdale8u@engadget.com,1993-03-01T11:39:43Z
Archie,Jeal,ajeal8v@netvibes.com,1946-12-01T21:20:56Z
Karel,Correa,kcorrea8w@miitbeian.gov.cn,1969-03-21T14:41:26Z
Karmen,Shillabear,kshillabear8x@networkadvertising.org,1948-02-08T07:22:49Z
Ranique,Karoly,rkaroly8y@pbs.org,1951-04-17T15:34:22Z
Claire,Gomersal,cgomersal8z@ucla.edu,1976-03-21T20:08:06Z
Alexander,Machans,amachans90@icq.com,1999-03-31T22:40:56Z
Hildagard,Gilbart,hgilbart91@businesswire.com,1960-09-23T17:33:40Z
Cordula,Kornilyev,ckornilyev92@bloomberg.com,1975-08-13T11:37:06Z
Chere,Leibold,cleibold93@si.edu,2001-10-27T18:03:55Z
Trudi,Love,tlove94@hao123.com,1972-12-06T22:33:26Z
Mada,Abbate,mabbate95@statcounter.com,1967-07-22T11:06:08Z
Aggie,Whittlesey,awhittlesey96@baidu.com,1992-11-07T09:22:16Z
Emmalynne,Davenall,edavenall97@shinystat.com,1989-10-02T05:20:15Z
Tome,Nazair,tnazair98@soup.io,1957-12-30T01:34:43Z
Oliviero,Ayer,oayer99@latimes.com,1999-05-18T22:26:06Z
Ephrem,Jacquemet,ejacquemet9a@cbc.ca,1974-09-24T22:09:19Z
Modestine,Trenfield,mtrenfield9b@liveinternet.ru,1957-07-16T08:48:50Z
Eleonore,Dossett,edossett9c@soundcloud.com,2003-04-23T14:55:53Z
Malory,Vokins,mvokins9d@usa.gov,2000-10-11T05:06:33Z
Damiano,Hallifax,dhallifax9e@aboutads.info,1973-06-15T16:07:47Z
Eartha,Monery,emonery9f@livejournal.com,1993-11-28T09:53:31Z
Cindi,Badwick,cbadwick9g@cloudflare.com,1998-12-05T05:11:15Z
Beltran,Guidoni,bguidoni9h@reference.com,1949-02-23T19:23:31Z
Les,Gentzsch,lgentzsch9i@adobe.com,1961-02-15T09:23:04Z
Ardra,MacColgan,amaccolgan9j@ocn.ne.jp,1954-12-01T17:54:08Z
Graehme,Prosch,gprosch9k@auda.org.au,1994-05-05T18:52:22Z
Dougy,Stickels,dstickels9l@amazon.co.jp,1991-07-24T00:11:36Z
Englebert,Towsie,etowsie9m@last.fm,1999-03-13T03:12:23Z
Della,Quernel,dquernel9n@blogger.com,1984-12-07T14:55:18Z
Cecilla,Oylett,coylett9o@mapquest.com,1953-02-02T06:54:44Z
Fitzgerald,Pottell,fpottell9p@spotify.com,2001-05-01T12:31:53Z
Mayor,Matteau,mmatteau9q@desdev.cn,1957-05-01T21:11:51Z
Alfonso,Hebbron,ahebbron9r@mail.ru,1996-11-10T06:24:12Z
Karita,Rheaume,krheaume9s@t-online.de,1956-06-25T12:59:06Z
Germain,Senner,gsenner9t@miitbeian.gov.cn,1980-08-11T05:22:16Z
Hans,Thalmann,hthalmann9u@altervista.org,1971-03-29T15:08:44Z
Brooke,Crippill,bcrippill9v@squarespace.com,1968-01-19T12:38:00Z
Torrey,Dowall,tdowall9w@meetup.com,1998-09-13T01:00:26Z
Trip,Nano,tnano9x@indiatimes.com,1955-12-29T04:32:12Z
Jenifer,Staunton,jstaunton9y@typepad.com,1961-05-03T16:44:34Z
Blanche,Middlemiss,bmiddlemiss9z@cbslocal.com,1955-05-29T04:45:28Z
Rafe,Michelmore,rmichelmorea0@google.com.au,1982-12-25T02:49:53Z
Frasier,Peddel,fpeddela1@hud.gov,1985-09-10T23:40:42Z
Hannah,Colbran,hcolbrana2@berkeley.edu,1950-09-14T09:40:39Z
Johanna,Dollard,jdollarda3@ucoz.com,1970-01-01T01:22:20Z
Norbert,Dyson,ndysona4@comcast.net,2003-06-03T23:02:18Z
Lin,Darragh,ldarragha5@usnews.com,1955-03-01T11:24:15Z
Rosaleen,Parzizek,rparzizeka6@businesswire.com,1967-06-10T19:46:01Z
Billie,Robken,brobkena7@sakura.ne.jp,1997-04-05T18:29:25Z
Honey,Agass,hagassa8@ted.com,1982-01-27T01:09:20Z
Melicent,Blakely,mblakelya9@google.co.jp,1980-12-05T19:22:52Z
Michail,Londsdale,mlondsdaleaa@ox.ac.uk,1950-08-18T16:57:29Z
Elli,Marvel,emarvelab@storify.com,1971-12-06T22:33:08Z
Kelci,Gartrell,kgartrellac@hatena.ne.jp,1999-09-10T15:59:49Z
Leanora,Bloxham,lbloxhamad@independent.co.uk,1958-10-08T23:35:23Z
Abner,Edginton,aedgintonae@umn.edu,1960-05-31T00:42:42Z
Vladamir,Marrian,vmarrianaf@webmd.com,1979-01-15T06:42:03Z
Kaela,Bonner,kbonnerag@dailymotion.com,1984-01-31T20:58:37Z
Vance,Gascoyen,vgascoyenah@google.fr,1984-02-18T01:58:43Z
Basil,Christiensen,bchristiensenai@squidoo.com,1968-05-06T09:58:11Z
Morgan,Davenall,mdavenallaj@bluehost.com,1953-10-25T09:46:23Z
Edna,Kaufman,ekaufmanak@sbwire.com,1949-09-16T18:53:14Z
Curtis,Josefs,cjosefsal@example.com,2001-10-05T19:16:09Z
Appolonia,Schuchmacher,aschuchmacheram@naver.com,1945-09-20T05:53:48Z
Danie,Saye,dsayean@networksolutions.com,1983-05-07T04:50:25Z
Eudora,Burford,eburfordao@chron.com,2002-12-10T02:58:56Z
Barclay,Bedboro,bbedboroap@weibo.com,1968-02-18T13:27:57Z
Shalne,Mariette,smarietteaq@oracle.com,1955-05-22T21:21:20Z
Candi,Pearman,cpearmanar@last.fm,1990-03-05T06:19:34Z
Bel,Fenich,bfenichas@ibm.com,1989-08-31T00:55:10Z
Gabby,Brogden,gbrogdenat@yolasite.com,1990-04-27T18:22:36Z
Ron,Maunsell,rmaunsellau@flavors.me,1992-07-30T22:59:25Z
Leland,Mattacks,lmattacksav@go.com,1987-10-09T20:46:33Z
Rhona,Margerison,rmargerisonaw@rakuten.co.jp,1987-03-10T17:25:02Z
Lexy,Marc,lmarcax@shop-pro.jp,1998-11-20T12:37:04Z
Marguerite,Kelsell,mkelsellay@icio.us,1957-12-21T13:58:53Z
Arvin,Ferre,aferreaz@istockphoto.com,1989-02-11T01:15:38Z
Ddene,Kneesha,dkneeshab0@spotify.com,1991-04-28T18:41:22Z
Anastasia,Ree,areeb1@google.nl,1983-01-09T04:48:28Z
Tabbitha,Tilson,ttilsonb2@columbia.edu,1961-02-10T05:42:08Z
Daveen,Scheffler,dschefflerb3@bizjournals.com,1965-07-10T14:28:17Z
Martie,Pawelski,mpawelskib4@fastcompany.com,1985-04-29T02:17:58Z
Lotta,Hadenton,lhadentonb5@ted.com,1971-08-10T06:40:34Z
Philomena,Klimkowski,pklimkowskib6@washingtonpost.com,1972-12-03T20:16:37Z
Emmett,O'Lennachain,eolennachainb7@amazon.co.uk,1946-01-08T20:18:58Z
Rem,Desson,rdessonb8@umich.edu,1966-03-01T13:29:23Z
Bernie,Riggott,briggottb9@google.cn,1956-11-07T13:21:35Z
Alistair,Forrest,aforrestba@ocn.ne.jp,1997-03-08T18:26:10Z
Fulvia,Farres,ffarresbb@exblog.jp,1968-06-27T22:53:54Z
Donetta,Klimpt,dklimptbc@guardian.co.uk,1987-11-02T13:57:09Z
Tabbie,Font,tfontbd@cnn.com,1967-10-09T12:21:55Z
Lyndsay,Livsey,llivseybe@nydailynews.com,1972-11-19T19:24:31Z
Robbyn,Haskins,rhaskinsbf@opensource.org,1994-02-01T02:30:44Z
Freddie,Peres,fperesbg@blog.com,2000-11-10T13:38:20Z
Aubrey,Olliffe,aolliffebh@nps.gov,1997-12-21T03:23:21Z
Gwendolen,Jealous,gjealousbi@hao123.com,1982-08-05T14:42:17Z
Cristian,McKinty,cmckintybj@home.pl,1995-04-28T05:46:33Z
Danna,Berzons,dberzonsbk@tripadvisor.com,1961-02-26T17:09:15Z
Colleen,McEvilly,cmcevillybl@ocn.ne.jp,1963-10-12T09:43:36Z
Lesya,Duggen,lduggenbm@free.fr,1995-08-13T20:24:56Z
Prudy,Sives,psivesbn@amazon.de,1980-04-16T00:14:22Z
Elicia,Gurnett,egurnettbo@alexa.com,1999-04-28T14:58:20Z
Dinny,Olenchenko,dolenchenkobp@cornell.edu,1982-06-13T13:24:04Z
Andre,Kezar,akezarbq@hc360.com,1989-09-04T19:00:13Z
Bronny,Jillard,bjillardbr@lulu.com,1959-11-25T09:13:47Z
Harley,Danjoie,hdanjoiebs@posterous.com,1998-01-28T03:22:55Z
Hayes,Conahy,hconahybt@imageshack.us,1996-10-25T00:31:39Z
Bathsheba,Duckerin,bduckerinbu@skype.com,1972-12-03T04:56:11Z
Edik,Dewer,edewerbv@wordpress.com,1967-08-07T18:43:06Z
Gracie,Fallows,gfallowsbw@hp.com,2003-09-10T17:25:01Z
Archibaldo,Chiles,achilesbx@abc.net.au,2001-11-16T02:10:55Z
Donn,Delves,ddelvesby@google.it,1997-01-19T16:38:30Z
Putnem,Sear,psearbz@github.com,1996-04-22T10:22:30Z
Gavan,Batie,gbatiec0@51.la,1988-04-21T15:19:03Z
Sheffie,Lydster,slydsterc1@apple.com,1965-04-01T18:39:15Z
Andriette,Milham,amilhamc2@github.io,1950-08-25T05:58:36Z
Edgardo,Sinderson,esindersonc3@google.co.uk,1972-08-03T11:44:12Z
Melba,De Ruggero,mderuggeroc4@omniture.com,1945-05-01T13:38:24Z
Janeva,Grombridge,jgrombridgec5@multiply.com,1996-10-24T08:14:33Z
Brandea,Pettifor,bpettiforc6@npr.org,1985-11-25T16:30:32Z
Glynis,Rosbrough,grosbroughc7@mapy.cz,1959-05-30T13:39:58Z
Morie,Over,moverc8@github.io,1965-05-02T06:18:02Z
Perice,Beechcraft,pbeechcraftc9@theguardian.com,1972-09-27T19:19:04Z
Ian,Gary,igaryca@google.it,1977-12-13T18:13:16Z
Leodora,Grossman,lgrossmancb@soup.io,2002-12-16T23:30:09Z
Liza,Lamming,llammingcc@paginegialle.it,1952-06-21T00:27:55Z
Judye,Jaime,jjaimecd@cpanel.net,1995-01-07T11:50:54Z
Lurette,Levington,llevingtonce@tamu.edu,1975-05-29T07:52:28Z
Gaultiero,Kearn,gkearncf@etsy.com,1994-08-06T05:49:45Z
Persis,Lorrain,plorraincg@reuters.com,1998-11-01T18:25:35Z
Avrom,Dufton,aduftonch@nhs.uk,1971-04-09T03:37:44Z
Derrick,Lanahan,dlanahanci@indiatimes.com,1945-07-10T21:25:11Z
Violette,Lidgett,vlidgettcj@sphinn.com,1992-02-01T18:29:25Z
Dolly,Antoinet,dantoinetck@angelfire.com,1989-12-15T12:42:57Z
Lola,Da Costa,ldacostacl@addthis.com,1981-03-02T03:05:21Z
Kizzie,Choppen,kchoppencm@gmpg.org,1967-11-17T03:26:15Z
Dex,Chappell,dchappellcn@usgs.gov,1976-11-26T15:59:34Z
Sileas,Leece,sleececo@sakura.ne.jp,1986-01-30T17:34:13Z
Stefano,Guerner,sguernercp@msn.com,1975-01-16T15:52:48Z
Donnell,Krzyzaniak,dkrzyzaniakcq@earthlink.net,1993-03-10T23:12:05Z
Maryann,MacDougal,mmacdougalcr@walmart.com,1960-10-25T21:12:38Z
Amabelle,Marcoolyn,amarcoolyncs@infoseek.co.jp,1973-11-14T01:20:56Z
Emmerich,Alleyne,ealleynect@cnet.com,1995-12-09T20:09:15Z
Bird,Tratton,btrattoncu@cbsnews.com,1946-09-21T12:07:20Z
Winnifred,Linay,wlinaycv@wiley.com,1949-11-07T19:14:23Z
Mikkel,Stapleford,mstaplefordcw@phoca.cz,1989-05-19T05:19:19Z
Iorgos,Scourge,iscourgecx@home.pl,1975-08-09T00:10:54Z
Udale,Hegg,uheggcy@quantcast.com,1973-07-14T22:17:08Z
Emelita,Boswell,eboswellcz@tmall.com,1981-12-01T19:16:34Z
Goldia,Hansmann,ghansmannd0@fema.gov,2000-04-18T03:15:12Z
Elliot,Dunstan,edunstand1@economist.com,1949-02-22T05:20:32Z
Lari,Derham,lderhamd2@merriam-webster.com,2003-03-08T12:10:55Z
Leslie,Godney,lgodneyd3@printfriendly.com,1992-03-01T14:52:13Z
Clevie,Cornforth,ccornforthd4@blogs.com,1951-03-15T02:59:05Z
Stacee,Arni,sarnid5@mac.com,1973-10-15T01:48:39Z
Wallie,Milthorpe,wmilthorped6@dropbox.com,1999-10-11T00:43:15Z
Sharity,Gaskarth,sgaskarthd7@paypal.com,1959-03-06T07:01:29Z
Sharl,Hynde,shynded8@census.gov,1958-12-16T00:17:14Z
Jamima,Evangelinos,jevangelinosd9@webs.com,1978-02-21T08:14:41Z
Margette,Albarez,malbarezda@parallels.com,1969-02-01T00:29:36Z
Erskine,Klimshuk,eklimshukdb@homestead.com,1953-05-17T06:03:13Z
Hermie,Aurelius,haureliusdc@ycombinator.com,1972-10-05T02:57:02Z
Rozanna,Gilhouley,rgilhouleydd@reddit.com,1972-03-11T20:46:58Z
Catie,Bartaletti,cbartalettide@xing.com,2003-02-08T07:06:30Z
Nappie,Praundl,npraundldf@behance.net,1984-10-29T22:42:59Z
Kiersten,Hurford,khurforddg@prnewswire.com,1986-02-04T20:40:03Z
Alon,Davidovitch,adavidovitchdh@uiuc.edu,1985-07-02T09:20:50Z
Hanna,Cowderoy,hcowderoydi@google.pl,1961-11-04T20:56:50Z
Blane,Poyser,bpoyserdj@upenn.edu,1954-03-02T10:52:06Z
Hobart,Siley,hsileydk@intel.com,1993-07-12T03:21:51Z
Bettina,Forsdyke,bforsdykedl@va.gov,1947-10-02T20:57:31Z
Ulric,Dolder,udolderdm@eventbrite.com,1960-03-12T00:14:57Z
Caresse,Adiscot,cadiscotdn@nba.com,1988-01-17T03:21:08Z
Nona,Keady,nkeadydo@usatoday.com,1960-03-24T21:50:55Z
Nevile,Saltsberger,nsaltsbergerdp@goo.ne.jp,1995-11-16T07:13:23Z
Rozamond,Stredwick,rstredwickdq@networksolutions.com,2000-03-08T23:41:16Z
Ursula,Heijnen,uheijnendr@etsy.com,1953-12-14T07:52:10Z
Lorry,Moroney,lmoroneyds@phpbb.com,1971-09-19T06:54:25Z
Hilda,Attenbrow,hattenbrowdt@issuu.com,1959-01-17T10:25:06Z
Ettie,Glendining,eglendiningdu@globo.com,1951-07-17T19:06:04Z
Bobbe,Fogt,bfogtdv@paypal.com,1964-10-22T20:00:21Z
Averell,Cleever,acleeverdw@1688.com,1949-09-25T02:50:21Z
Kiley,Creboe,kcreboedx@kickstarter.com,1966-02-19T18:26:35Z
Hughie,Goly,hgolydy@free.fr,1946-06-07T07:03:26Z
Amery,Fullerd,afullerddz@e-recht24.de,1974-06-10T21:07:17Z
Orsola,Tribe,otribee0@abc.net.au,1982-05-12T18:36:58Z
Shepherd,Stuckes,sstuckese1@mayoclinic.com,1962-12-11T02:42:57Z
Oralie,McGroarty,omcgroartye2@baidu.com,1975-10-16T00:32:42Z
Abbe,Queyeiro,aqueyeiroe3@about.me,1979-08-11T10:43:14Z
Hatty,Ryce,hrycee4@printfriendly.com,1969-08-01T04:00:10Z
Donnamarie,Decker,ddeckere5@vistaprint.com,1971-07-04T20:07:18Z
Rex,Morbey,rmorbeye6@tumblr.com,1971-09-24T17:18:11Z
Reinald,Peetermann,rpeetermanne7@ox.ac.uk,1971-04-27T10:57:17Z
Gerianne,Manilo,gmaniloe8@huffingtonpost.com,1993-06-27T12:23:27Z
Natka,Biggadyke,nbiggadykee9@goodreads.com,1972-12-03T04:26:18Z
Hershel,McKiddin,hmckiddinea@fema.gov,1976-08-24T07:30:00Z
Korella,Biggerstaff,kbiggerstaffeb@canalblog.com,1981-03-23T10:46:57Z
Darrick,Letterick,dletterickec@guardian.co.uk,1996-09-01T14:22:32Z
Jessee,Robbe,jrobbeed@java.com,2003-03-23T20:56:31Z
Dav,Tungate,dtungateee@engadget.com,1993-09-11T13:43:59Z
Larina,Sharplin,lsharplinef@xing.com,1993-01-27T14:32:39Z
Marketa,Eminson,meminsoneg@csmonitor.com,2003-01-10T05:16:39Z
Logan,Guinnane,lguinnaneeh@paginegialle.it,2003-01-26T20:05:48Z
Shela,Barkley,sbarkleyei@flickr.com,1954-11-18T23:06:57Z
Fanya,Iacobini,fiacobiniej@home.pl,1954-01-24T18:52:47Z
Kennedy,Coneybeare,kconeybeareek@ifeng.com,1990-08-25T10:07:58Z
Kathlin,O'Fogarty,kofogartyel@desdev.cn,1954-09-03T17:13:54Z
Philipa,Roizin,proizinem@i2i.jp,1992-07-07T03:34:55Z
Casandra,Cockroft,ccockroften@toplist.cz,1993-01-24T19:41:18Z
Roxy,Rihanek,rrihanekeo@webeden.co.uk,1998-04-16T16:37:01Z
Rufus,Dilke,rdilkeep@biblegateway.com,1997-07-02T08:47:42Z
Patience,Eronie,peronieeq@opensource.org,1964-05-05T06:10:56Z
Tove,Vedishchev,tvedishchever@storify.com,1976-09-08T10:26:43Z
Brana,McBoyle,bmcboylees@cnn.com,1992-09-06T19:00:24Z
Goldarina,Drillot,gdrillotet@smugmug.com,1988-06-21T18:31:37Z
Kathrine,McLachlan,kmclachlaneu@soundcloud.com,1985-10-19T10:33:46Z
Siusan,McCraine,smccraineev@gmpg.org,1990-09-27T19:08:34Z
Eileen,Roxby,eroxbyew@mlb.com,1992-04-18T11:38:28Z
Jillian,Fane,jfaneex@nymag.com,1979-07-18T13:55:47Z
Khalil,Kleinbaum,kkleinbaumey@cam.ac.uk,1946-02-22T19:09:09Z
Bren,McClurg,bmcclurgez@quantcast.com,1970-11-11T16:01:42Z
Chaddy,McQuade,cmcquadef0@china.com.cn,1993-12-19T23:23:50Z
Graig,Haldenby,ghaldenbyf1@slashdot.org,1973-12-29T07:22:55Z
Jacinda,Duffield,jduffieldf2@typepad.com,1971-08-02T23:17:26Z
Alejandrina,Knuckles,aknucklesf3@admin.ch,1957-11-21T13:50:04Z
Grata,Gencke,ggenckef4@xing.com,1985-01-19T21:54:41Z
Jasen,Eastbrook,jeastbrookf5@joomla.org,1995-12-24T16:43:43Z
Horatius,Coogan,hcooganf6@jugem.jp,1965-11-26T08:39:58Z
Taber,Tallboy,ttallboyf7@goo.gl,1982-05-23T09:36:37Z
Turner,Labbati,tlabbatif8@spotify.com,1968-07-29T11:15:10Z
Bond,Hulme,bhulmef9@cnbc.com,1987-08-29T20:17:56Z
Rupert,Lancett,rlancettfa@networkadvertising.org,1988-09-28T18:08:42Z
Ward,Sidlow,wsidlowfb@harvard.edu,1979-10-29T00:57:32Z
Ethelred,Masters,emastersfc@bandcamp.com,1956-04-16T03:31:53Z
Eba,Boobyer,eboobyerfd@hugedomains.com,1973-05-08T19:15:39Z
Mireille,Novotni,mnovotnife@va.gov,1972-03-07T09:10:35Z
Ody,Honsch,ohonschff@flavors.me,1968-05-19T16:14:51Z
Barby,Gallgher,bgallgherfg@ibm.com,1994-03-31T12:10:28Z
Hazel,Keeble,hkeeblefh@mozilla.com,1951-10-28T14:02:55Z
Kriste,Mattedi,kmattedifi@diigo.com,2002-06-04T13:23:49Z
Alfreda,Habeshaw,ahabeshawfj@miitbeian.gov.cn,1979-12-29T15:03:50Z
Rasla,Robinette,rrobinettefk@de.vu,1960-11-06T22:00:04Z
Gertrude,Smiz,gsmizfl@nationalgeographic.com,1973-02-22T05:37:50Z
Grove,Gaiford,ggaifordfm@eventbrite.com,2001-06-29T08:47:51Z
Micaela,Broadley,mbroadleyfn@trellian.com,1959-06-01T15:15:01Z
Jourdain,Reeds,jreedsfo@ask.com,1956-02-05T23:28:05Z
Everett,Brugmann,ebrugmannfp@usa.gov,1962-04-25T06:27:47Z
Dennie,Berkowitz,dberkowitzfq@google.com.au,1971-08-20T02:10:22Z
Mary,Fedder,mfedderfr@ox.ac.uk,1958-04-20T01:21:25Z
Toiboid,Coase,tcoasefs@arstechnica.com,1960-06-30T09:20:32Z
Titus,Covington,tcovingtonft@weibo.com,1978-03-25T14:32:47Z
Berkeley,Cusworth,bcusworthfu@scribd.com,1972-11-17T05:18:14Z
Cherye,Izhak,cizhakfv@house.gov,1977-10-07T12:11:47Z
Allis,Dulwich,adulwichfw@pagesperso-orange.fr,1990-07-05T05:13:11Z
Selia,Resdale,sresdalefx@tiny.cc,1967-12-10T22:06:05Z
Alvina,Mitkin,amitkinfy@un.org,1995-09-02T18:38:10Z
Kevon,Loxton,kloxtonfz@tamu.edu,1968-02-14T22:28:15Z
Onfre,Luard,oluardg0@4shared.com,1963-11-01T19:40:36Z
Scarface,Mitton,smittong1@ucsd.edu,1952-07-11T13:22:45Z
Robert,Fissenden,rfissendeng2@clickbank.net,1947-07-08T22:38:48Z
Adlai,Mcall,amcallg3@amazon.de,1954-07-20T14:07:40Z
Ximenez,Toderi,xtoderig4@jigsy.com,1963-01-10T01:11:53Z
Dagmar,Farnell,dfarnellg5@ed.gov,1994-01-08T19:36:06Z
Cordy,Kinsley,ckinsleyg6@angelfire.com,1974-10-08T04:53:13Z
Cosmo,Breakey,cbreakeyg7@cnbc.com,1977-01-13T07:56:07Z
Christiano,Denyagin,cdenyaging8@hp.com,1990-01-14T03:25:58Z
Kendrick,Jellico,kjellicog9@telegraph.co.uk,1955-11-17T00:32:15Z
Celle,Shipp,cshippga@squidoo.com,1964-03-15T02:14:14Z
Ladonna,Tytherton,ltythertongb@phpbb.com,1973-01-31T14:56:52Z
Gail,Dillamore,gdillamoregc@instagram.com,1977-07-31T13:09:09Z
Alford,Densham,adenshamgd@mysql.com,1995-01-08T09:35:39Z
Koren,Guare,kguarege@youtu.be,1976-03-08T11:49:15Z
Cirstoforo,Bernardoni,cbernardonigf@flavors.me,1972-08-16T20:12:02Z
Tootsie,Easbie,teasbiegg@exblog.jp,1948-09-07T16:17:56Z
Johannes,Thickins,jthickinsgh@histats.com,1964-02-15T06:08:42Z
Mannie,Birchett,mbirchettgi@mapy.cz,1976-04-12T07:23:27Z
Heindrick,Boughtflower,hboughtflowergj@hao123.com,1950-08-05T04:43:37Z
Bail,Bridel,bbridelgk@noaa.gov,1962-05-17T18:28:55Z
Benji,Start,bstartgl@msu.edu,1968-03-28T00:22:06Z
Leland,Glencrash,lglencrashgm@drupal.org,1987-08-09T04:08:51Z
Florencia,Redwing,fredwinggn@umich.edu,1958-09-26T07:27:29Z
Celine,Cicchinelli,ccicchinelligo@histats.com,1974-07-06T07:47:42Z
Patrick,Favey,pfaveygp@discovery.com,1961-07-18T14:57:11Z
Angie,Sparsholt,asparsholtgq@dmoz.org,1953-02-12T10:34:16Z
Darren,Trussell,dtrussellgr@google.it,1963-03-23T05:45:47Z
Elton,Arnison,earnisongs@mayoclinic.com,1954-03-07T18:25:26Z
Gabey,Staynes,gstaynesgt@cyberchimps.com,1991-08-01T07:58:46Z
Linnet,MacNeill,lmacneillgu@wikispaces.com,1957-03-09T11:47:55Z
Garland,Hick,ghickgv@flickr.com,1990-12-13T10:48:16Z
Nydia,Askam,naskamgw@smugmug.com,1988-11-23T11:22:26Z
Kristoforo,Twinberrow,ktwinberrowgx@drupal.org,1976-03-05T03:37:29Z
Samantha,Marlow,smarlowgy@ted.com,1947-12-08T22:59:38Z
Perice,Linnell,plinnellgz@ucoz.com,1955-05-11T01:41:27Z
Francyne,Spence,fspenceh0@economist.com,1958-05-03T16:12:24Z
Patsy,Andryushin,pandryushinh1@comsenz.com,1978-03-15T19:13:56Z
Donni,Jirzik,djirzikh2@disqus.com,1987-09-16T09:21:12Z
Josias,Hendrich,jhendrichh3@multiply.com,1955-07-09T20:16:25Z
Tully,Kiggel,tkiggelh4@mlb.com,1966-01-22T03:30:51Z
Sallyanne,Plaistowe,splaistoweh5@merriam-webster.com,1949-09-15T19:04:34Z
Sandie,Vala,svalah6@shop-pro.jp,1991-11-28T20:22:56Z
Amber,Astill,aastillh7@stanford.edu,1963-08-04T07:11:17Z
Fanni,Patis,fpatish8@elpais.com,1968-05-25T13:52:03Z
Guglielmo,Tantrum,gtantrumh9@privacy.gov.au,1981-10-15T10:56:16Z
Herve,Beard,hbeardha@mashable.com,1967-02-14T03:24:36Z
Jacquenetta,Crumley,jcrumleyhb@nsw.gov.au,1963-05-15T03:27:19Z
Thorin,Allflatt,tallflatthc@dropbox.com,1997-03-09T17:41:40Z
Jeni,Whalebelly,jwhalebellyhd@ifeng.com,1969-12-22T09:36:44Z
Jorgan,Vedenichev,jvedenichevhe@nih.gov,1972-07-02T13:42:54Z
Alic,Storie,astoriehf@narod.ru,1955-06-20T15:51:14Z
Waite,Kincaid,wkincaidhg@elegantthemes.com,1952-06-29T01:56:29Z
Gilli,Poge,gpogehh@wiley.com,1986-11-03T03:02:30Z
Adrian,Cluatt,acluatthi@reference.com,1956-08-02T04:12:22Z
Goddart,Boyet,gboyethj@g.co,1975-08-12T17:44:24Z
Gerek,Kestin,gkestinhk@google.nl,1985-01-13T07:09:23Z
Corissa,Dunsford,cdunsfordhl@photobucket.com,1980-10-20T20:10:12Z
Elwira,Standbrooke,estandbrookehm@instagram.com,1966-08-13T20:11:20Z
Aundrea,Juleff,ajuleffhn@answers.com,1997-03-11T20:26:00Z
Artemus,Atcock,aatcockho@usda.gov,1965-03-05T04:24:04Z
Sal,Brosetti,sbrosettihp@purevolume.com,1957-03-30T16:14:34Z
Hogan,Ratazzi,hratazzihq@mapquest.com,1975-02-12T10:53:33Z
Mimi,Simenot,msimenothr@mail.ru,2003-11-10T23:04:31Z
Katrinka,Anglish,kanglishhs@yellowpages.com,1957-04-11T03:23:14Z
Jed,Keough,jkeoughht@usda.gov,1983-03-02T15:51:35Z
Drusy,Twiname,dtwinamehu@china.com.cn,1949-07-03T10:30:01Z
Shannah,Peaddie,speaddiehv@usgs.gov,1980-06-17T07:30:46Z
Frederic,Wilcinskis,fwilcinskishw@linkedin.com,1997-03-06T00:52:07Z
Cynthy,Ordish,cordishhx@youtu.be,1963-04-09T04:28:03Z
Sherill,Ruse,srusehy@live.com,1963-09-02T16:18:44Z
Thor,Mintram,tmintramhz@mit.edu,1992-08-28T09:20:13Z
Adriaens,Boadby,aboadbyi0@cam.ac.uk,1988-03-22T22:05:51Z
Mahalia,Stonhard,mstonhardi1@blogger.com,1989-11-18T06:40:37Z
Nelli,Whimpenny,nwhimpennyi2@google.fr,1947-07-22T11:27:50Z
Eberto,Barday,ebardayi3@cmu.edu,1973-05-21T10:07:15Z
Veronike,Batts,vbattsi4@google.es,1963-03-17T03:16:51Z
Anica,Mc Caughen,amccaugheni5@youtu.be,1949-08-02T18:42:10Z
Saunder,Schruurs,sschruursi6@zdnet.com,1966-04-07T06:21:28Z
Roselin,Mordey,rmordeyi7@xinhuanet.com,1961-06-12T20:00:06Z
Hayley,Bigby,hbigbyi8@virginia.edu,1979-10-23T16:25:29Z
Wheeler,Marney,wmarneyi9@mit.edu,1949-09-04T10:56:32Z
Petunia,Winfield,pwinfieldia@fc2.com,1957-08-24T05:28:38Z
Juli,Alliott,jalliottib@ucsd.edu,1999-06-14T01:30:41Z
Wakefield,Line,wlineic@noaa.gov,1967-10-11T13:12:35Z
Claudius,Lauthian,clauthianid@state.gov,1947-01-28T05:16:01Z
Nichole,Pietsma,npietsmaie@symantec.com,2002-09-21T20:44:29Z
Lyndsay,MattiCCI,lmatticciif@squarespace.com,1958-03-19T01:04:23Z
Cross,Chaudrelle,cchaudrelleig@accuweather.com,1979-08-20T08:59:39Z
Brigit,Castaner,bcastanerih@dropbox.com,1992-11-29T23:23:25Z
Jelene,Brun,jbrunii@jalbum.net,1962-01-12T17:10:47Z
Frieda,Fairlamb,ffairlambij@umich.edu,1957-03-20T06:13:30Z
Jared,Barrowcliff,jbarrowcliffik@nyu.edu,1996-03-31T20:06:44Z
Harley,Gumbrell,hgumbrellil@photobucket.com,1988-02-13T09:05:12Z
Marylinda,Beloe,mbeloeim@constantcontact.com,1991-01-06T09:11:42Z
Alasteir,Beddingham,abeddinghamin@de.vu,1946-11-27T11:52:27Z
Lou,Cutcliffe,lcutcliffeio@toplist.cz,1971-06-06T09:53:20Z
Lorenzo,Leap,lleapip@angelfire.com,1970-10-11T02:44:26Z
Dominique,Caird,dcairdiq@istockphoto.com,1987-04-09T17:14:42Z
Janaye,Thornebarrow,jthornebarrowir@usgs.gov,1989-06-22T18:59:23Z
Sergio,de Courcy,sdecourcyis@house.gov,1988-08-27T11:19:26Z
Wye,Swinford,wswinfordit@hubpages.com,1951-04-02T03:26:04Z
Guillema,Hallmark,ghallmarkiu@twitpic.com,1975-04-30T11:24:37Z
Hakim,Klimontovich,hklimontovichiv@ehow.com,1974-06-01T19:04:48Z
Tabor,Stanbury,tstanburyiw@arizona.edu,1946-12-24T06:44:05Z
Abbe,Wooding,awoodingix@yahoo.co.jp,1960-03-21T23:14:12Z
Ellen,Edie,eedieiy@whitehouse.gov,1979-10-05T12:37:26Z
Cheri,Alfonsetto,calfonsettoiz@joomla.org,1951-06-01T09:00:56Z
Myles,Moodey,mmoodeyj0@purevolume.com,1965-06-06T16:49:10Z
Ky,Rannie,kranniej1@aol.com,1966-03-04T04:48:22Z
Baryram,Dedman,bdedmanj2@merriam-webster.com,2002-03-18T09:20:44Z
Delcine,Karolovsky,dkarolovskyj3@vkontakte.ru,1982-08-05T16:09:20Z
Tania,Boater,tboaterj4@purevolume.com,1989-03-25T03:19:22Z
Niki,Pooke,npookej5@microsoft.com,1988-12-15T07:06:32Z
Robbi,Goodred,rgoodredj6@edublogs.org,1982-02-10T03:20:55Z
Thor,Gaylor,tgaylorj7@example.com,1994-09-24T02:41:13Z
Elvina,Herrieven,eherrievenj8@webmd.com,1992-02-02T20:42:37Z
Rosie,Shirlaw,rshirlawj9@i2i.jp,1977-01-16T19:01:23Z
Jessamine,Matous,jmatousja@indiegogo.com,1960-04-10T02:03:13Z
Barnie,Clutheram,bclutheramjb@hibu.com,1985-10-10T20:30:32Z
Alfi,Ferebee,aferebeejc@technorati.com,1987-10-24T11:57:32Z
Alleen,Garrud,agarrudjd@google.com.br,1960-04-25T00:20:00Z
Fredericka,Carrack,fcarrackje@twitter.com,1948-10-11T09:23:41Z
Lusa,Leddie,lleddiejf@prweb.com,1972-06-10T02:25:47Z
Nathan,Woodington,nwoodingtonjg@wiley.com,1960-07-15T13:33:15Z
Noreen,Baskeyfield,nbaskeyfieldjh@narod.ru,1954-06-26T19:11:51Z
Natalya,Asquez,nasquezji@guardian.co.uk,1980-06-05T11:03:12Z
Jacquenette,Hyams,jhyamsjj@google.com.hk,1969-11-29T03:09:57Z
Sheridan,Peak,speakjk@163.com,1974-03-06T03:01:15Z
Devon,Rehn,drehnjl@mapy.cz,2003-07-16T02:04:45Z
Ramon,Guswell,rguswelljm@barnesandnoble.com,1990-04-29T12:41:47Z
Adelice,Sulland,asullandjn@unc.edu,1946-10-10T00:26:11Z
Margaret,Gatsby,mgatsbyjo@nydailynews.com,1961-08-04T22:37:06Z
Lewiss,Haseman,lhasemanjp@cbsnews.com,1995-11-06T08:51:52Z
Eduard,Harden,ehardenjq@answers.com,1988-05-13T22:35:12Z
Lorilyn,Card,lcardjr@elegantthemes.com,1987-10-07T20:41:05Z
Delphinia,Briscoe,dbriscoejs@uiuc.edu,1968-06-04T10:25:53Z
Idalina,Dilleston,idillestonjt@youku.com,1969-10-03T07:19:08Z
Shelli,Kinver,skinverju@dedecms.com,1954-09-08T18:54:20Z
Salvidor,Forcade,sforcadejv@goodreads.com,1958-03-24T03:09:10Z
Heywood,Hovington,hhovingtonjw@sitemeter.com,1993-01-01T08:26:27Z
Leann,Cool,lcooljx@youtube.com,1968-05-22T09:03:05Z
Janela,Philipot,jphilipotjy@livejournal.com,1962-07-25T08:59:04Z
Carin,Prangle,cpranglejz@who.int,1971-08-12T21:12:44Z
Emmeline,Drezzer,edrezzerk0@unicef.org,1998-08-12T05:52:34Z
Janelle,Banner,jbannerk1@so-net.ne.jp,1990-04-26T09:04:44Z
Dorelle,Standing,dstandingk2@twitter.com,1980-01-17T19:11:53Z
Stacee,Guess,sguessk3@indiatimes.com,1968-01-16T02:12:10Z
Victor,Lis,vlisk4@infoseek.co.jp,1971-08-15T13:34:06Z
Sarita,Fraczak,sfraczakk5@usnews.com,1981-05-03T06:19:00Z
Sheffie,Kipling,skiplingk6@webnode.com,1987-03-29T15:53:58Z
Bertina,O'Grada,bogradak7@aboutads.info,1973-08-17T21:00:09Z
Hattie,Ginnelly,hginnellyk8@google.es,2000-02-10T14:33:28Z
Nickolas,Sommerton,nsommertonk9@sogou.com,2001-04-25T07:03:02Z
Clara,Skyppe,cskyppeka@google.nl,1961-08-22T17:13:17Z
Friedrich,Christoffersen,fchristoffersenkb@weather.com,1946-02-04T04:54:40Z
Renado,Bleything,rbleythingkc@ustream.tv,1956-06-08T11:28:04Z
Katharine,Wankel,kwankelkd@jigsy.com,1999-10-28T04:11:52Z
Kellina,Stroban,kstrobanke@ycombinator.com,1951-08-09T20:07:12Z
Rosella,Tackett,rtackettkf@ebay.com,1954-01-29T18:27:02Z
Gaby,Duncanson,gduncansonkg@hao123.com,1965-07-01T13:22:23Z
Dario,Genders,dgenderskh@imageshack.us,1975-11-11T00:57:57Z
Georgeta,Rozalski,grozalskiki@hatena.ne.jp,1962-03-16T18:50:19Z
Norris,Fleckney,nfleckneykj@cnbc.com,1979-01-11T15:35:56Z
Teodoro,Silkstone,tsilkstonekk@nhs.uk,1958-02-09T00:45:41Z
Petronilla,McGougan,pmcgougankl@xinhuanet.com,1976-07-25T05:02:35Z
Hobart,Ketton,hkettonkm@desdev.cn,1986-06-04T03:36:05Z
Filberte,Ferreri,fferrerikn@printfriendly.com,1999-04-13T05:56:51Z
Rosalie,Kollatsch,rkollatschko@scientificamerican.com,1973-09-24T00:37:59Z
Daryle,Prestner,dprestnerkp@pbs.org,1969-08-31T13:08:22Z
Benedick,Mcimmie,bmcimmiekq@usnews.com,1998-02-06T09:20:14Z
Haroun,Dubbin,hdubbinkr@shareasale.com,1983-12-22T03:10:04Z
Katy,Coste,kcosteks@taobao.com,1989-02-22T08:43:56Z
Margy,Lathey,mlatheykt@ehow.com,1985-08-23T10:51:53Z
Garrett,Halt,ghaltku@unesco.org,1950-09-28T11:25:01Z
Amii,Abdee,aabdeekv@uol.com.br,1958-12-02T03:45:49Z
Robbyn,Sarfat,rsarfatkw@tinyurl.com,1989-07-16T13:28:42Z
Juditha,Piele,jpielekx@imageshack.us,1981-12-23T00:07:39Z
Gisele,Colkett,gcolkettky@gravatar.com,1972-04-13T14:59:06Z
Maximilien,Broom,mbroomkz@hatena.ne.jp,1969-02-17T21:37:04Z
Calypso,Kirsop,ckirsopl0@alibaba.com,1947-06-13T03:59:33Z
Emilia,Kabisch,ekabischl1@ebay.co.uk,1982-03-12T12:20:03Z
Redford,Hancorn,rhancornl2@bloglovin.com,1953-06-01T00:54:24Z
Aleksandr,Ritch,aritchl3@paypal.com,1977-07-17T16:36:19Z
Waldo,Laughlin,wlaughlinl4@eepurl.com,1951-05-10T00:20:30Z
Giffer,Mongenot,gmongenotl5@nasa.gov,1972-01-28T02:32:04Z
Alessandro,Durrett,adurrettl6@buzzfeed.com,1982-12-07T05:48:26Z
Rahel,MacCague,rmaccaguel7@berkeley.edu,1950-01-24T23:46:39Z
Kristan,Renac,krenacl8@blogspot.com,1954-07-19T18:55:14Z
Gerrilee,Josebury,gjoseburyl9@umn.edu,1995-06-06T00:49:39Z
Marlo,Jennison,mjennisonla@guardian.co.uk,1992-12-31T02:52:17Z
Michal,Tuppeny,mtuppenylb@gravatar.com,1979-01-09T11:36:19Z
Tiphanie,Shimwell,tshimwelllc@sogou.com,1972-07-29T21:14:07Z
Timmie,Brookes,tbrookesld@wufoo.com,1993-08-06T21:33:00Z
Thomasa,Garcia,tgarciale@harvard.edu,1984-01-18T05:07:37Z
Gabe,Roeby,groebylf@seesaa.net,1999-12-29T21:18:27Z
Darda,Janauschek,djanauscheklg@theatlantic.com,2000-03-04T06:03:09Z
Abagail,Trippett,atrippettlh@usa.gov,1973-12-03T00:10:55Z
Krissie,Addington,kaddingtonli@cam.ac.uk,1953-08-30T09:39:57Z
Enid,Got,egotlj@narod.ru,1972-08-04T19:59:25Z
Jordan,Downse,jdownselk@google.pl,1997-04-02T20:26:46Z
Carson,Yersin,cyersinll@harvard.edu,1993-03-19T14:19:14Z
Cortie,Durtnall,cdurtnalllm@indiegogo.com,1968-07-24T16:02:53Z
Jere,Fosdyke,jfosdykeln@rakuten.co.jp,2002-11-10T23:42:35Z
Oliviero,Devonport,odevonportlo@addthis.com,1995-11-08T13:04:29Z
Ilse,Eldred,ieldredlp@answers.com,1966-10-12T18:11:03Z
Ashlee,Cowx,acowxlq@google.es,1967-05-21T03:26:41Z
Reinold,De Minico,rdeminicolr@live.com,1964-11-02T17:09:26Z
Ham,Tomich,htomichls@deliciousdays.com,2000-12-25T01:00:23Z
Elicia,Tomas,etomaslt@blogspot.com,2003-02-22T06:08:00Z
Nata,Peppard,npeppardlu@whitehouse.gov,1959-02-23T05:51:06Z
Etty,Burghill,eburghilllv@paginegialle.it,1957-10-21T11:05:14Z
Kelvin,Turneaux,kturneauxlw@163.com,1987-02-10T17:59:39Z
Jolee,Hebborn,jhebbornlx@marketwatch.com,1985-09-19T15:12:23Z
Gussi,Jedrzej,gjedrzejly@a8.net,1992-04-27T11:13:43Z
Benoite,Deveraux,bdeverauxlz@microsoft.com,1961-11-06T11:16:47Z
Sophia,Trolley,strolleym0@unc.edu,1985-07-31T01:00:23Z
Dorelia,Ellif,dellifm1@google.com.br,1956-12-25T18:06:57Z
Chet,Conaboy,cconaboym2@go.com,1964-11-04T18:17:05Z
Olivia,Hefforde,oheffordem3@yahoo.co.jp,1986-11-20T05:52:49Z
Carine,Epton,ceptonm4@hostgator.com,1978-12-29T08:00:43Z
Payton,Manoelli,pmanoellim5@mapy.cz,1954-06-30T04:48:20Z
Terry,Alner,talnerm6@cnet.com,1947-09-03T02:27:03Z
Michal,Clunan,mclunanm7@google.com.hk,1991-07-30T02:28:34Z
Mauricio,Agron,magronm8@rediff.com,1961-12-06T02:16:14Z
Iris,Sines,isinesm9@omniture.com,1969-05-15T05:22:04Z
Boot,Wyllt,bwylltma@hc360.com,1998-06-28T21:06:57Z
Kaine,Bouette,kbouettemb@netlog.com,1996-02-06T22:16:49Z
Alberto,Simic,asimicmc@ucsd.edu,1947-05-03T21:17:38Z
Wakefield,Blunderfield,wblunderfieldmd@jugem.jp,1978-06-05T20:33:08Z
Gustavo,Ellcock,gellcockme@myspace.com,1971-12-12T23:16:50Z
Francisco,Sibthorpe,fsibthorpemf@youtube.com,1978-05-30T12:38:25Z
Charmian,Guidera,cguideramg@csmonitor.com,1990-05-18T19:11:58Z
Adan,Sully,asullymh@wsj.com,2003-11-25T23:02:36Z
Jaye,Vasyunichev,jvasyunichevmi@ustream.tv,1972-01-18T02:39:49Z
Jamison,Lumsden,jlumsdenmj@artisteer.com,1990-12-17T17:15:17Z
Hatti,Ceci,hcecimk@ovh.net,1999-08-14T16:36:39Z
Marcus,Dyet,mdyetml@un.org,1999-03-16T14:01:17Z
Orion,Gabbatiss,ogabbatissmm@friendfeed.com,1968-12-21T00:49:42Z
Gearard,Westwood,gwestwoodmn@icio.us,1957-08-07T10:25:06Z
Morganne,Lawless,mlawlessmo@123-reg.co.uk,2000-02-29T08:42:57Z
Ibrahim,Boles,ibolesmp@nydailynews.com,2002-09-29T14:28:32Z
Arny,Wyeld,awyeldmq@usda.gov,1997-11-12T01:57:44Z
Deana,Milesop,dmilesopmr@macromedia.com,1946-12-13T10:06:06Z
Taffy,Girdlestone,tgirdlestonems@ed.gov,1995-12-17T08:34:38Z
Anatol,Tartt,atarttmt@answers.com,1990-05-09T11:06:29Z
Tracy,Maulin,tmaulinmu@shutterfly.com,1999-07-13T00:26:49Z
Tilda,Halsted,thalstedmv@desdev.cn,1984-01-15T05:23:39Z
Langsdon,Mattholie,lmattholiemw@redcross.org,1973-11-22T08:44:38Z
Pincus,Toun,ptounmx@harvard.edu,1972-03-15T21:31:19Z
Ebony,Fairtlough,efairtloughmy@marketwatch.com,1958-06-06T09:50:58Z
Alberto,Eberdt,aeberdtmz@rediff.com,1963-10-29T09:53:48Z
Rudyard,Tarbet,rtarbetn0@illinois.edu,2000-11-22T18:35:09Z
Arlinda,Iamittii,aiamittiin1@slashdot.org,1946-04-21T09:21:51Z
Kerrin,Windibank,kwindibankn2@elpais.com,1951-06-12T19:52:33Z
Wilhelmina,Tatersale,wtatersalen3@4shared.com,1945-11-09T03:12:49Z
Emlyn,Taggerty,etaggertyn4@tinypic.com,1985-04-18T04:00:01Z
Kendrick,Beseke,kbeseken5@seesaa.net,1975-01-08T16:11:01Z
Deb,Cromie,dcromien6@cisco.com,1988-03-23T04:24:02Z
Juanita,Balderson,jbaldersonn7@yahoo.co.jp,1981-05-30T03:51:19Z
Dionisio,MacCahee,dmaccaheen8@4shared.com,1988-12-04T00:26:00Z
Phineas,Madden,pmaddenn9@comsenz.com,1962-05-02T09:06:52Z
Archibaldo,Bourget,abourgetna@quantcast.com,2002-08-19T10:43:15Z
Clary,Doag,cdoagnb@shutterfly.com,1998-02-05T17:25:42Z
Jacklin,Eisikovitsh,jeisikovitshnc@cnn.com,1975-08-10T06:18:18Z
Alleen,Leonardi,aleonardind@guardian.co.uk,1966-07-05T23:25:32Z
Mitchell,Jandak,mjandakne@shop-pro.jp,1996-02-28T06:01:09Z
Morgan,Whipple,mwhipplenf@com.com,1954-05-06T18:53:22Z
Westleigh,Royce,wroyceng@indiegogo.com,1962-02-10T17:37:24Z
Elmira,MacDuffie,emacduffienh@ox.ac.uk,1951-06-07T16:31:20Z
Chan,Richley,crichleyni@pcworld.com,1998-02-24T19:35:06Z
Marwin,Rubertis,mrubertisnj@mtv.com,1956-03-14T08:20:46Z
Elvyn,Westman,ewestmannk@google.de,1986-07-13T20:41:19Z
Jeanne,Romanetti,jromanettinl@census.gov,1963-08-18T14:55:17Z
Chrisse,Leafe,cleafenm@shop-pro.jp,2002-08-02T22:16:43Z
Billie,Blincow,bblincownn@columbia.edu,1996-08-19T17:41:34Z
Nial,Rothman,nrothmanno@cloudflare.com,1962-04-20T11:09:41Z
Dixie,Sandbach,dsandbachnp@fda.gov,1978-10-16T08:45:01Z
Sharlene,Pantridge,spantridgenq@dedecms.com,1961-07-13T03:24:03Z
Grove,Schanke,gschankenr@blogspot.com,1996-01-26T07:37:38Z
Toma,Chree,tchreens@dailymotion.com,1960-05-21T04:37:24Z
Odelle,Marcinkowski,omarcinkowskint@telegraph.co.uk,1992-08-30T12:19:10Z
Morgen,Older,moldernu@answers.com,1981-05-18T14:06:00Z
Damita,Winterborne,dwinterbornenv@clickbank.net,1988-02-19T12:11:29Z
Samuele,Bloodworth,sbloodworthnw@usa.gov,1986-10-29T10:49:54Z
Lucille,Barneville,lbarnevillenx@marriott.com,2003-02-24T07:40:39Z
Dag,Blethyn,dblethynny@booking.com,1986-09-26T03:35:08Z
Hube,Fone,hfonenz@apache.org,1978-12-10T13:55:12Z
Harlan,Turfus,hturfuso0@infoseek.co.jp,1982-01-04T20:26:52Z
Kirby,Paulack,kpaulacko1@shutterfly.com,1988-02-02T15:31:14Z
Georgie,Runciman,gruncimano2@geocities.jp,1963-01-08T05:42:53Z
Timothea,Middler,tmiddlero3@gizmodo.com,1970-11-02T14:21:37Z
Dorolisa,Dulake,ddulakeo4@zdnet.com,1974-06-05T12:36:06Z
Olympie,Bafford,obaffordo5@artisteer.com,1972-10-15T19:02:56Z
Jedd,Simka,jsimkao6@yelp.com,1973-07-09T23:49:05Z
Sarette,Dorbon,sdorbono7@theatlantic.com,1968-10-12T21:15:23Z
Farrand,Silmon,fsilmono8@nifty.com,1967-02-12T13:56:24Z
Marcelline,Mawer,mmawero9@biblegateway.com,1979-05-08T03:51:51Z
Bambie,Zecchii,bzecchiioa@businessweek.com,1960-11-30T00:40:43Z
Benjy,Lehr,blehrob@engadget.com,1973-02-19T17:06:05Z
Querida,Wycherley,qwycherleyoc@wix.com,1984-09-10T16:59:08Z
Alfy,Scotland,ascotlandod@ebay.com,1961-08-29T23:07:05Z
Rolando,Gulston,rgulstonoe@istockphoto.com,1976-02-23T18:09:19Z
Dallas,McBayne,dmcbayneof@mapy.cz,1973-05-24T12:08:27Z
Maudie,Dils,mdilsog@oakley.com,2002-03-05T09:28:08Z
Jennie,Syfax,jsyfaxoh@ucla.edu,1999-06-13T09:52:22Z
Lexy,Baston,lbastonoi@qq.com,1948-05-27T19:20:34Z
Kaja,Scarlett,kscarlettoj@bloglovin.com,1995-04-11T12:27:15Z
Lorrie,Ungerer,lungererok@unesco.org,1985-11-04T04:16:28Z
Faunie,Cowdry,fcowdryol@clickbank.net,1957-02-25T02:40:20Z
Jone,Kelk,jkelkom@merriam-webster.com,1952-07-03T16:14:09Z
Cynde,Wollers,cwollerson@harvard.edu,1950-05-12T21:32:00Z
Lauren,Dimock,ldimockoo@wikia.com,1992-05-31T08:35:24Z
Nancy,MacCheyne,nmaccheyneop@issuu.com,1980-05-31T09:24:26Z
Nan,Habron,nhabronoq@smugmug.com,1999-07-24T08:44:49Z
Meir,Ledwith,mledwithor@icq.com,1980-04-12T04:54:45Z
Kipp,Lintill,klintillos@privacy.gov.au,1978-11-14T18:47:09Z
Etheline,Peeters,epeetersot@cnn.com,1981-06-22T19:17:16Z
Janine,Goodbarr,jgoodbarrou@etsy.com,1974-03-10T20:40:03Z
Maritsa,Leydon,mleydonov@merriam-webster.com,1996-03-22T11:12:17Z
Flor,Carnihan,fcarnihanow@youku.com,1981-08-30T17:22:37Z
Lynn,Merrisson,lmerrissonox@cnbc.com,1957-04-02T08:10:36Z
Jay,Pettisall,jpettisalloy@unblog.fr,1960-08-11T20:24:06Z
Madeleine,Thorns,mthornsoz@plala.or.jp,1954-04-04T12:38:46Z
Minna,Gladding,mgladdingp0@liveinternet.ru,1999-09-26T18:45:13Z
Boony,Crudginton,bcrudgintonp1@livejournal.com,1984-11-10T23:43:38Z
Bambie,Rajchert,brajchertp2@aol.com,1951-10-14T04:32:15Z
Sula,Langfat,slangfatp3@csmonitor.com,1991-08-02T01:47:40Z
Teddie,MacIllrick,tmacillrickp4@merriam-webster.com,1978-01-08T21:28:18Z
Cleavland,Tivenan,ctivenanp5@wiley.com,1953-09-18T20:45:52Z
Aline,Choak,achoakp6@ovh.net,1993-04-03T15:20:03Z
Julianne,Mullett,jmullettp7@bbb.org,1984-05-21T11:59:21Z
Nanice,Gasquoine,ngasquoinep8@devhub.com,1982-02-27T01:54:03Z
Farly,Rowbrey,frowbreyp9@fotki.com,1987-05-27T04:38:21Z
Guillema,Flanigan,gflaniganpa@opensource.org,1976-04-03T16:27:40Z
Bethany,Tynan,btynanpb@com.com,1976-02-25T05:01:43Z
Lisle,Schellig,lschelligpc@cocolog-nifty.com,1954-05-09T00:57:10Z
Alex,Stennings,astenningspd@alibaba.com,1953-01-22T07:53:18Z
Kizzie,Kirrens,kkirrenspe@nationalgeographic.com,1982-04-14T16:25:39Z
Sandy,McSperrin,smcsperrinpf@nationalgeographic.com,1948-01-31T23:05:28Z
Rodina,McCloud,rmccloudpg@google.co.jp,1971-09-17T06:01:59Z
Dorey,Guiness,dguinessph@people.com.cn,1962-01-15T07:25:37Z
Feliks,Gravatt,fgravattpi@europa.eu,1997-03-02T20:28:57Z
Freedman,Benedtti,fbenedttipj@google.ru,1995-10-17T19:58:05Z
Flore,Dominico,fdominicopk@state.tx.us,1970-06-30T12:52:28Z
Nydia,Lambeth,nlambethpl@wp.com,1984-05-28T01:37:38Z
Matthias,O'Heaney,moheaneypm@soundcloud.com,1968-09-14T03:34:04Z
Brietta,Draysey,bdrayseypn@adobe.com,1992-01-19T19:45:56Z
Iggy,Walkingshaw,iwalkingshawpo@ftc.gov,1966-03-10T18:27:51Z
Valenka,Buckley,vbuckleypp@a8.net,1996-12-09T16:33:13Z
Luella,Laffoley-Lane,llaffoleylanepq@parallels.com,1963-04-26T05:53:51Z
Gabi,Turnpenny,gturnpennypr@themeforest.net,1962-03-20T07:10:20Z
Brianne,Crowcum,bcrowcumps@topsy.com,1951-04-29T11:03:53Z
Hobart,Steddall,hsteddallpt@elegantthemes.com,1970-02-08T20:12:39Z
Elden,Ivanenko,eivanenkopu@springer.com,1994-11-04T08:07:33Z
Ivie,Leel,ileelpv@mac.com,1965-05-09T02:40:25Z
Tommy,Cuddihy,tcuddihypw@elegantthemes.com,1945-11-06T11:51:33Z
Yvette,Birchall,ybirchallpx@soup.io,1978-01-03T10:07:34Z
Currie,McGillacoell,cmcgillacoellpy@vistaprint.com,1969-09-03T23:09:24Z
Grayce,Volett,gvolettpz@blogspot.com,1973-11-13T06:15:44Z
Eddi,Bownde,ebowndeq0@nba.com,1995-06-23T21:02:17Z
Doe,Habershaw,dhabershawq1@cnn.com,1966-08-09T15:54:31Z
Kalie,Wildes,kwildesq2@accuweather.com,1969-06-07T03:42:33Z
Lilas,Bendelow,lbendelowq3@example.com,1988-06-10T04:23:52Z
Colleen,Wayne,cwayneq4@creativecommons.org,1959-09-11T21:21:29Z
Donaugh,Aimeric,daimericq5@clickbank.net,1987-05-02T04:08:09Z
Feodor,Alldread,falldreadq6@squarespace.com,1963-02-05T22:56:39Z
Sharai,Fitton,sfittonq7@sfgate.com,1974-08-31T01:50:16Z
Therese,Hartrick,thartrickq8@yale.edu,1999-03-19T15:41:42Z
Yetty,Brimmell,ybrimmellq9@sitemeter.com,1984-01-05T20:48:59Z
Milton,Yetton,myettonqa@mac.com,1959-12-15T19:57:04Z
Bordy,Stag,bstagqb@squidoo.com,1989-01-13T23:32:15Z
Curtis,Alastair,calastairqc@weibo.com,1961-12-23T04:46:49Z
Early,Gilyott,egilyottqd@guardian.co.uk,1998-08-05T13:48:15Z
Cam,Sanper,csanperqe@who.int,1961-03-16T12:36:05Z
Aldon,Reddings,areddingsqf@mac.com,1977-01-22T23:22:25Z
Giselle,Danniell,gdanniellqg@lycos.com,1983-06-13T17:38:49Z
Giuditta,Dietsche,gdietscheqh@wordpress.com,1973-03-01T00:14:08Z
Mavra,Baxill,mbaxillqi@vk.com,1991-04-16T21:02:57Z
Faulkner,Riehm,friehmqj@ocn.ne.jp,1975-04-25T23:36:54Z
Shamus,Haldane,shaldaneqk@prnewswire.com,1960-12-17T01:35:54Z
Keene,Yeatman,kyeatmanql@youtu.be,2003-06-05T22:47:15Z
Miran,Lagen,mlagenqm@ed.gov,1972-02-16T02:50:01Z
Chandal,Langcastle,clangcastleqn@51.la,1995-06-15T02:19:30Z
Ebeneser,Tonge,etongeqo@ning.com,1949-10-27T10:14:56Z
Ruddy,Meineking,rmeinekingqp@sakura.ne.jp,1998-06-10T14:26:46Z
Pia,Faucett,pfaucettqq@zdnet.com,1967-12-14T21:07:55Z
Jarad,Elves,jelvesqr@ebay.co.uk,1951-02-03T22:21:27Z
Ondrea,Tabbernor,otabbernorqs@google.nl,1955-03-28T21:01:25Z
Tatum,Edelman,tedelmanqt@webnode.com,1950-04-11T11:32:04Z
Adelaida,Dearell,adearellqu@scientificamerican.com,1967-07-29T21:08:32Z
Doloritas,Dymick,ddymickqv@slate.com,1960-04-30T20:27:26Z
Cheri,Norgate,cnorgateqw@eepurl.com,1975-03-05T02:43:24Z
Rubetta,Osler,roslerqx@noaa.gov,1988-05-28T22:49:36Z
Blanche,Bartolini,bbartoliniqy@narod.ru,1985-10-13T13:04:12Z
Monique,Minghetti,mminghettiqz@jiathis.com,1981-01-27T03:01:15Z
Janette,Gregg,jgreggr0@constantcontact.com,1975-07-13T22:09:17Z
Curcio,Quinnelly,cquinnellyr1@bloomberg.com,1948-03-31T07:32:17Z
Colly,Erickssen,cerickssenr2@aboutads.info,1976-10-30T22:50:22Z
Rayna,Voce,rvocer3@squidoo.com,2001-08-18T09:30:16Z
Adriana,Pantone,apantoner4@china.com.cn,1983-04-30T21:46:04Z
Lissa,Stickells,lstickellsr5@goo.ne.jp,2001-02-10T14:15:29Z
Heddie,Gunningham,hgunninghamr6@liveinternet.ru,1993-12-27T07:41:58Z
Enid,Apperley,eapperleyr7@si.edu,1959-08-15T09:36:03Z
Ginnie,Cretney,gcretneyr8@elegantthemes.com,1953-10-13T18:02:24Z
Agretha,McCurrie,amccurrier9@examiner.com,1980-02-22T12:01:28Z
Celine,Disbrow,cdisbrowra@unesco.org,1947-04-12T15:16:14Z
Teddie,Bierling,tbierlingrb@stanford.edu,1985-08-07T06:49:49Z
Perry,MacAlaster,pmacalasterrc@vkontakte.ru,1960-02-20T10:16:32Z
Lyda,Ashwell,lashwellrd@umich.edu,1971-01-05T12:42:14Z
Ivor,Hanssmann,ihanssmannre@flavors.me,2000-08-14T09:55:54Z
Jana,Dickins,jdickinsrf@goo.ne.jp,1966-05-06T00:36:37Z
Dorie,Coots,dcootsrg@yandex.ru,1974-11-14T09:48:56Z
Blair,Waddell,bwaddellrh@mtv.com,1990-01-22T17:13:49Z
Ricardo,Collyear,rcollyearri@uol.com.br,1969-02-04T22:29:16Z
Vinny,Babb,vbabbrj@va.gov,1974-03-30T11:06:08Z
Galvan,Inkle,ginklerk@digg.com,1967-07-27T04:44:09Z
Bran,Mosley,bmosleyrl@jiathis.com,1958-09-04T14:18:17Z
Ezmeralda,Braithwait,ebraithwaitrm@reddit.com,1972-07-26T08:30:44Z
Sargent,Compton,scomptonrn@smh.com.au,1950-12-11T16:05:28Z
Wilbert,Crawford,wcrawfordro@hostgator.com,1973-11-07T17:15:57Z
Margaretta,Sully,msullyrp@jimdo.com,1992-11-30T19:44:24Z
Rudolfo,Backhurst,rbackhurstrq@va.gov,1978-12-04T19:00:34Z
Vinni,Blasio,vblasiorr@eepurl.com,1987-06-04T18:57:08Z
